{"uuid": "aa:bb:cc:00:00:88", "name": "", "id": "57b055b4-8966-404e-8cf7-c7b6472b74c5", "time": "2021-09-22T10:42:06.475046", "value": [1443, 5198, 5685, 5132, 1246, 620, 2127, -2716, 857, 3858, 6522, 3727, 2615, -5271, -8559, -7669, 1339, -1132, -2919, -6807, -1351, 1400, 993, -3004, -5140, -918, 5547, 8964, 4548, 85, 1924, 258, 31, -50, -838, 1041, 5335, 4139, -3404, -9441, -6831, -2889, 1178, 2233, 1372, 2786, 444, 3569, -3326, -209, -852, 8519, 5700, 4168, 1902, 376, -1533, -4231, -1258, -1181, -804, 2239, 950, -4653], "rate": 512, "trace": 64, "count": 1, "gain": 1, "calibration": 0.00195325, "temperature": 25.84, "battery": 3.274, "axes": 1}