{"uuid": "aa:bb:cc:00:00:44", "name": "", "id": "1e13fb15-4f0e-4b27-b6bb-912183938efd", "time": "2021-09-22T10:42:05.799426", "value": [581, 6645, 5185, 3277, -85, 2405, 2215, 207, -124, 2474, 4552, 7386, 2616, -5756, -7856, -8310, -4209, -2379, -2769, 588, -1598, -1957, -1124, -4363, -4828, 2028, 7781, 7694, 4449, 2817, -292, -27, 67, -4528, -813, 373, 3497, 969, -2768, -7018, -8447, -4215, -2939, 937, 549, 4044, 3515, 1686, 123, -1016, 380, 4725, 9117, 5798, 4546, 1077, -2040, -323, -4445, -1430, -1986, 1762, 3246, -3620], "rate": 512, "trace": 64, "count": 1, "gain": 1, "calibration": 0.00195325, "temperature": 25.54, "battery": 3.272, "axes": 1}