{"uuid": "aa:bb:cc:00:00:33", "name": "", "id": "98725c86-a9b3-4f83-bdc5-10eff9b13c23", "time": "2021-09-22T10:42:06.472074", "value": [2152, 5062, 7081, 1993, 352, 377, 2167, 459, 1087, 1693, 3959, 5054, 3388, -1382, -8527, -6300, -2688, 1503, -2736, -1286, 475, 1308, -1884, -1903, -4384, 3195, 8471, 7906, 6616, 1338, 4252, 1450, 2484, -3638, -1799, 3333, 2650, 2847, -2061, -8761, -6426, -1392, 498, 305, -959, 3054, 3984, 1735, -1548, -1523, 1231, 4038, 6741, 7991, -249, 254, -1793, -1297, -1400, -4369, -961, 5206, 280, -1210], "rate": 512, "trace": 64, "count": 1, "gain": 1, "calibration": 0.00195325, "temperature": 25.11, "battery": 3.271, "axes": 1}