{"uuid": "aa:bb:cc:00:00:22", "name": "", "id": "1d5a27f7-6cb1-42e2-81f6-f1fe80922e27", "time": "2021-09-22T10:42:05.825074", "value": [-396, 6344, 7113, 3677, 2140, 3002, 2644, -1283, -89, 3771, 931, 6180, 4040, -1424, -6368, -5991, -3685, 2083, -1036, 1371, 65, 16, 1047, -4029, -4390, -418, 3816, 6744, 4946, -333, -1551, 1171, -2315, 1236, -383, 4369, 4624, 1640, -3266, -7986, -7543, -5231, 1498, 3113, 719, 2256, 2814, 327, -1251, -2842, -2668, 6019, 7665, 5063, 1354, 1861, -1922, -1226, 926, -3740, -65, 2186, 2072, -4244], "rate": 512, "trace": 64, "count": 1, "gain": 1, "calibration": 0.00195325, "temperature": 25.21, "battery": 3.274, "axes": 1}