{"uuid": "aa:bb:cc:00:00:11", "name": "", "id": "c9a8e787-b980-404b-8963-e6e195de9198", "time": "2021-09-22T10:42:05.871278", "value": [-849, 6071, 6506, 2711, 781, -597, 1601, 2009, 69, 3027, 4879, 4972, 2652, -3226, -7668, -6260, -2074, -2000, 178, -1024, 931, -810, -2260, -7570, -5376, 2299, 8260, 7534, 3588, 3857, -1164, -690, 3688, -784, 1092, 2604, 2671, 4133, 5, -7276, -8969, -5655, -2252, -821, 255, 1468, 1440, 4080, -4318, -4091, 535, 6409, 6940, 9974, 1685, 1473, -3890, -1368, -2700, -164, -889, 1663, 719, -5280], "rate": 512, "trace": 64, "count": 1, "gain": 1, "calibration": 0.00195325, "temperature": 25.02, "battery": 3.274, "axes": 1}