{"uuid": "aa:bb:cc:00:00:66", "name": "", "id": "36d5b212-50b9-40cc-8066-6e374096a081", "time": "2021-09-22T10:42:05.964934", "value": [1003, 5055, 7062, 4193, -1182, 359, 368, 653, 819, -368, 4676, 4824, 1923, -4214, -7795, -2114, -4539, -1911, -3292, -171, -143, -654, -2767, -4037, -3647, 2009, 6730, 6752, 7570, -573, -2305, -305, 1716, -3615, 2333, -157, 2384, -1442, -5973, -8582, -6745, -5584, -1551, -753, -229, -398, 4342, -4053, -1204, -1315, 727, 6493, 9068, 7014, 992, -474, -886, -312, -3062, -3563, -42, 3124, -544, -3446], "rate": 512, "trace": 64, "count": 1, "gain": 1, "calibration": 0.00195325, "temperature": 25.93, "battery": 3.274, "axes": 1}