{"uuid": "aa:bb:cc:00:00:77", "name": "", "id": "8dab8779-62d9-4b50-88be-9a20235bf3a3", "time": "2021-09-22T10:42:06.467238", "value": [-1577, 5386, 7228, 4418, 3898, -1692, 2268, 1830, 964, 999, 5561, 6527, 1588, -3508, -6703, -5874, -5709, 251, -1576, 2216, 2372, -1684, -117, -2318, -6227, 124, 9120, 8073, 5134, 383, -134, 1889, -3343, -1719, 2429, 1236, 2167, -258, -4312, -8346, -7377, -4703, -1131, 212, -988, 3062, 2338, -190, -4183, -4383, 1430, 5953, 10608, 6208, 2291, -1702, -871, 135, -4022, -4437, 1396, 3663, 1362, -1015], "rate": 512, "trace": 64, "count": 1, "gain": 1, "calibration": 0.00195325, "temperature": 25.47, "battery": 3.271, "axes": 1}