{"uuid": "aa:bb:cc:00:00:55", "name": "", "id": "a44bf7c1-edbb-4463-844d-fd166ccb856f", "time": "2021-09-22T10:42:06.477871", "value": [-1854, 4638, 7187, 2190, -676, 86, 6532, 1704, 672, 421, 3443, 5506, 1490, -2803, -7344, -5169, -3590, -3234, -783, -2499, -1357, 3753, -290, -3163, -4186, 1434, 7208, 7277, 4626, -270, -1125, 78, 1122, -3675, 237, 2703, 3460, 498, -5098, -7441, -7040, -5037, -1100, -2295, -369, 1563, 198, -409, -661, -3362, -586, 4523, 7972, 4240, -980, -726, -277, -1275, -2459, -1152, 1864, 521, 129, -3717], "rate": 512, "trace": 64, "count": 1, "gain": 1, "calibration": 0.00195325, "temperature": 25.39, "battery": 3.276, "axes": 1}